year,imdb,title,test,clean_test,binary,budget,domgross,intgross,code,budget_2013$,domgross_2013$,intgross_2013$,period code,decade code
2013,tt1711425,21 &amp; Over,notalk,notalk,FAIL,13000000,25682380,42195766,2013FAIL,13000000,25682380,42195766,1,1
2012,tt1343727,Dredd 3D,ok-disagree,ok,PASS,45000000,13414714,40868994,2012PASS,45658735,13611086,41467257,1,1
2013,tt2024544,12 Years a Slave,notalk-disagree,notalk,FAIL,20000000,53107035,158607035,2013FAIL,20000000,53107035,158607035,1,1
2013,tt1272878,2 Guns,notalk,notalk,FAIL,61000000,75612460,132493015,2013FAIL,61000000,75612460,132493015,1,1
2013,tt0453562,42,men,men,FAIL,40000000,95020213,95020213,2013FAIL,40000000,95020213,95020213,1,1
2013,tt1335975,47 Ronin,men,men,FAIL,225000000,38362475,145803842,2013FAIL,225000000,38362475,145803842,1,1
2013,tt1606378,A Good Day to Die Hard,notalk,notalk,FAIL,92000000,67349198,304249198,2013FAIL,92000000,67349198,304249198,1,1
2013,tt2194499,About Time,ok-disagree,ok,PASS,12000000,15323921,87324746,2013PASS,12000000,15323921,87324746,1,1
2013,tt1814621,Admission,ok,ok,PASS,13000000,18007317,18007317,2013PASS,13000000,18007317,18007317,1,1
2013,tt1815862,After Earth,notalk,notalk,FAIL,130000000,60522097,244373198,2013FAIL,130000000,60522097,244373198,1,1
2013,tt1800241,American Hustle,ok-disagree,ok,PASS,40000000,148430908,249484909,2013PASS,40000000,148430908,249484909,1,1
2013,tt1322269,August: Osage County,ok,ok,PASS,25000000,37304874,50304874,2013PASS,25000000,37304874,50304874,1,1
2013,tt1559547,Beautiful Creatures,ok,ok,PASS,50000000,19452138,55940671,2013PASS,50000000,19452138,55940671,1,1
2013,tt2334873,Blue Jasmine,ok-disagree,ok,PASS,18000000,33345833,68447831,2013PASS,18000000,33345833,68447831,1,1
2013,tt1535109,Captain Phillips,notalk,notalk,FAIL,55000000,107136417,218743570,2013FAIL,55000000,107136417,218743570,1,1
2013,tt1939659,Carrie,ok,ok,PASS,30000000,35266619,85001659,2013PASS,30000000,35266619,85001659,1,1
2013,tt1985966,Cloudy with a Chance of Meatballs 2,nowomen-disagree,nowomen,FAIL,78000000,119640264,271725448,2013FAIL,78000000,119640264,271725448,1,1
2013,tt1690953,Despicable Me 2,ok,ok,PASS,76000000,368065385,970766005,2013PASS,76000000,368065385,970766005,1,1
2013,tt2229499,Don Jon,dubious-disagree,dubious,FAIL,5500000,24477704,26377704,2013FAIL,5500000,24477704,26377704,1,1
2013,tt1535108,Elysium,ok-disagree,ok,PASS,120000000,93050117,286192091,2013PASS,120000000,93050117,286192091,1,1
2013,tt1731141,Ender&#39;s Game,men,men,FAIL,110000000,61737191,89737191,2013FAIL,110000000,61737191,89737191,1,1
2013,tt0848537,Epic,ok-disagree,ok,PASS,100000000,107518682,268418682,2013PASS,100000000,107518682,268418682,1,1
2013,tt0765446,Escape from Planet Earth,ok,ok,PASS,40000000,57012977,66454811,2013PASS,40000000,57012977,66454811,1,1
2013,tt1211956,Escape Plan,men,men,FAIL,70000000,25213103,103813103,2013FAIL,70000000,25213103,103813103,1,1
2013,tt1288558,Evil Dead,ok-disagree,ok,PASS,17000000,54239856,97402049,2013PASS,17000000,54239856,97402049,1,1
2013,tt1905041,Fast and Furious 6,ok-disagree,ok,PASS,160000000,238679850,788128122,2013PASS,160000000,238679850,788128122,1,1
2013,tt2294629,Frozen,ok,ok,PASS,150000000,393050114,1004550114,2013PASS,150000000,393050114,1004550114,1,1
2013,tt1583421,G.I. Joe: Retaliation,ok-disagree,ok,PASS,140000000,122523060,371923060,2013PASS,140000000,122523060,371923060,1,1
2013,tt1321870,Gangster Squad,notalk,notalk,FAIL,60000000,46000903,104100903,2013FAIL,60000000,46000903,104100903,1,1
2013,tt2425486,Gloria,ok,ok,PASS,30000000,4167493,4967493,2013PASS,30000000,4167493,4967493,1,1
2013,tt1454468,Gravity,nowomen-disagree,nowomen,FAIL,110000000,271814796,708714796,2013FAIL,110000000,271814796,708714796,1,1
2013,tt2191701,Grown Ups 2,men-disagree,men,FAIL,80000000,133668525,247023808,2013FAIL,80000000,133668525,247023808,1,1
2013,tt1428538,Hansel &amp; Gretel: Witch Hunters,ok,ok,PASS,50000000,55703475,225703475,2013PASS,50000000,55703475,225703475,1,1
2013,tt1798709,Her,men-disagree,men,FAIL,23000000,25000178,33029713,2013FAIL,23000000,25000178,33029713,1,1
2013,tt2024432,Identity Thief,men-disagree,men,FAIL,35000000,134506920,176269721,2013FAIL,35000000,134506920,176269721,1,1
2013,tt2226417,Insidious: Chapter 2,men,men,FAIL,5000000,83586447,161911222,2013FAIL,5000000,83586447,161911222,1,1
2013,tt1300854,Iron Man 3,dubious-disagree,dubious,FAIL,200000000,408992272,1212692272,2013FAIL,200000000,408992272,1212692272,1,1
2013,tt1351685,Jack the Giant Slayer,nowomen-disagree,nowomen,FAIL,195000000,65187603,197387603,2013FAIL,195000000,65187603,197387603,1,1
2013,tt1650554,Kick-Ass 2,ok,ok,PASS,28000000,28795985,60839197,2013PASS,28000000,28795985,60839197,1,1
2013,tt1204975,Last Vegas,notalk,notalk,FAIL,28000000,63914167,112914167,2013FAIL,28000000,63914167,112914167,1,1
2013,tt1327773,Lee Daniels&#39; The Butler,ok,ok,PASS,30000000,116632095,151513429,2013PASS,30000000,116632095,151513429,1,1
2013,tt2002718,Machete Kills,ok,ok,PASS,2000000,8008161,9408161,2013PASS,2000000,8008161,9408161,1,1
2013,tt2023587,Mama,ok,ok,PASS,15000000,71628180,148041253,2013PASS,15000000,71628180,148041253,1,1
2013,tt0770828,Man of Steel,ok-disagree,ok,PASS,225000000,291045518,687999518,2013PASS,225000000,291045518,687999518,1,1
2013,tt1821549,Nebraska,ok-disagree,ok,PASS,12000000,17482517,17482517,2013PASS,12000000,17482517,17482517,1,1
2013,tt1670345,Now You See Me,notalk-disagree,notalk,FAIL,75000000,117723989,351723989,2013FAIL,75000000,117723989,351723989,1,1
2013,tt1483013,Oblivion,men-disagree,men,FAIL,120000000,89107235,287537983,2013FAIL,120000000,89107235,287537983,1,1
2013,tt2302755,Olympus Has Fallen,notalk,notalk,FAIL,70000000,98927592,150562164,2013FAIL,70000000,98927592,150562164,1,1
2013,tt1623205,Oz the Great and Powerful,ok-disagree,ok,PASS,200000000,234770996,489570996,2013PASS,200000000,234770996,489570996,1,1
2013,tt1663662,Pacific Rim,notalk-disagree,notalk,FAIL,190000000,101802906,411002906,2013FAIL,190000000,101802906,411002906,1,1
2013,tt1980209,Pain &amp; Gain,notalk,notalk,FAIL,26000000,49875291,81275291,2013FAIL,26000000,49875291,81275291,1,1
2013,tt1904996,Parker,ok,ok,PASS,35000000,17616641,46346651,2013PASS,35000000,17616641,46346651,1,1
2013,tt1699755,Peeples,dubious,dubious,FAIL,15000000,9177065,9177065,2013FAIL,15000000,9177065,9177065,1,1
2013,tt1854564,Percy Jackson: Sea of Monsters,ok,ok,PASS,90000000,68559554,200859554,2013PASS,90000000,68559554,200859554,1,1
2013,tt1392214,Prisoners,ok,ok,PASS,46000000,61002302,113402302,2013PASS,46000000,61002302,113402302,1,1
2013,tt0790736,R.I.P.D.,notalk,notalk,FAIL,130000000,33618855,79019947,2013FAIL,130000000,33618855,79019947,1,1
2013,tt1821694,Red 2,ok,ok,PASS,84000000,53262560,137162560,2013PASS,84000000,53262560,137162560,1,1
2013,tt1411250,Riddick,notalk-disagree,notalk,FAIL,38000000,42025135,92425135,2013FAIL,38000000,42025135,92425135,1,1
2013,tt2364841,Runner Runner,nowomen,nowomen,FAIL,30000000,19316646,62616646,2013FAIL,30000000,19316646,62616646,1,1
2013,tt1979320,Rush,notalk,notalk,FAIL,38000000,26947624,43047624,2013FAIL,38000000,26947624,43047624,1,1
2013,tt1702439,Safe Haven,ok,ok,PASS,28000000,71399120,93943623,2013PASS,28000000,71399120,93943623,1,1
2013,tt2140373,Saving Mr. Banks,ok,ok,PASS,35000000,82834332,100734332,2013PASS,35000000,82834332,100734332,1,1
2013,tt2053463,Side Effects,ok,ok,PASS,30000000,32172757,60288363,2013PASS,30000000,32172757,60288363,1,1
2013,tt1408101,Star Trek Into Darkness,notalk-disagree,notalk,FAIL,190000000,228778661,466978661,2013FAIL,190000000,228778661,466978661,1,1
2013,tt1572315,Texas Chainsaw 3D,ok-disagree,ok,PASS,20000000,34341945,39093317,2013PASS,20000000,34341945,39093317,1,1
2013,tt1931435,The Big Wedding,ok,ok,PASS,32500000,21819348,35770721,2013PASS,32500000,21819348,35770721,1,1
2013,tt0816442,The Book Thief,ok,ok,PASS,19000000,21345525,62045525,2013PASS,19000000,21345525,62045525,1,1
2013,tt1911644,The Call,ok,ok,PASS,13000000,51872378,58938768,2013PASS,13000000,51872378,58938768,1,1
2013,tt1457767,The Conjuring,ok,ok,PASS,20000000,137400141,318000141,2013PASS,20000000,137400141,318000141,1,1
2013,tt2193215,The Counselor,ok,ok,PASS,25000000,16973715,70373715,2013PASS,25000000,16973715,70373715,1,1
2013,tt0481499,The Croods,men-disagree,men,FAIL,135000000,187168425,573068425,2013FAIL,135000000,187168425,573068425,1,1
2013,tt2404311,The Family,men,men,FAIL,30000000,36918811,51078541,2013FAIL,30000000,36918811,51078541,1,1
2013,tt1837703,The Fifth Estate,notalk,notalk,FAIL,26000000,3254172,6154172,2013FAIL,26000000,3254172,6154172,1,1
2013,tt2005374,The Frozen Ground,nowomen-disagree,nowomen,FAIL,19200000,#N/A,#N/A,2013FAIL,19200000,#N/A,#N/A,1,1
2013,tt1343092,The Great Gatsby,dubious,dubious,FAIL,190000000,144840419,351040419,2013FAIL,190000000,144840419,351040419,1,1
2013,tt1951261,The Hangover part 3,men,men,FAIL,103000000,112200072,362000072,2013FAIL,103000000,112200072,362000072,1,1
2013,tt2404463,The Heat,ok,ok,PASS,43000000,159581587,230781587,2013PASS,43000000,159581587,230781587,1,1
2013,tt1170358,The Hobbit: The Desolation of Smaug,notalk-disagree,notalk,FAIL,250000000,257397516,937397516,2013FAIL,250000000,257397516,937397516,1,1
2013,tt1517260,The Host,dubious-disagree,dubious,FAIL,50000000,26623701,58188384,2013FAIL,50000000,26623701,58188384,1,1
2013,tt1951264,The Hunger Games: Catching Fire,ok,ok,PASS,130000000,424088260,857088260,2013PASS,130000000,424088260,857088260,1,1
2013,tt0790628,The Incredible Burt Wonderstone,notalk,notalk,FAIL,32000000,22537881,24255957,2013FAIL,32000000,22537881,24255957,1,1
2013,tt2234155,The Internship,notalk,notalk,FAIL,58000000,44672764,93672764,2013FAIL,58000000,44672764,93672764,1,1
2013,tt2034139,The Last Exorcism Part II,ok,ok,PASS,4000000,15179303,18541236,2013PASS,4000000,15179303,18541236,1,1
2013,tt1210819,The Lone Ranger,notalk,notalk,FAIL,275000000,89289910,259989910,2013FAIL,275000000,89289910,259989910,1,1
2013,tt1538403,The Mortal Instruments: City of Bones,ok-disagree,ok,PASS,60000000,31165421,75965567,2013PASS,60000000,31165421,75965567,1,1
2013,tt2184339,The Purge,dubious,dubious,FAIL,3000000,64473115,91100541,2013FAIL,3000000,64473115,91100541,1,1
2013,tt2017020,The Smurfs 2,ok,ok,PASS,110000000,71017784,348545841,2013PASS,110000000,71017784,348545841,1,1
2013,tt1758795,The To Do List,ok,ok,PASS,1500000,3491669,3491669,2013PASS,1500000,3491669,3491669,1,1
2013,tt1727388,The Way Way Back,ok-disagree,ok,PASS,5000000,21502690,26161443,2013PASS,5000000,21502690,26161443,1,1
2013,tt0993846,The Wolf of Wall Street,notalk-disagree,notalk,FAIL,100000000,115702857,365702857,2013FAIL,100000000,115702857,365702857,1,1
2013,tt1430132,The Wolverine,ok,ok,PASS,115000000,132556852,416456852,2013PASS,115000000,132556852,416456852,1,1
2013,tt1213663,The World&#39;s End,men-disagree,men,FAIL,20000000,26004851,46578821,2013FAIL,20000000,26004851,46578821,1,1
2013,tt1245492,This Is the End,notalk,notalk,FAIL,32000000,101470202,126294264,2013FAIL,32000000,101470202,126294264,1,1
2013,tt1981115,Thor: The Dark World,dubious-disagree,dubious,FAIL,170000000,204674790,631674790,2013FAIL,170000000,204674790,631674790,1,1
2013,tt1924429,Trance,nowomen,nowomen,FAIL,16000000,2322593,22594052,2013FAIL,16000000,2322593,22594052,1,1
2013,tt1860353,Turbo,dubious-disagree,dubious,FAIL,135000000,83028130,283828130,2013FAIL,135000000,83028130,283828130,1,1
2013,tt1588173,Warm Bodies,men-disagree,men,FAIL,30000000,66380662,116643610,2013FAIL,30000000,66380662,116643610,1,1
2013,tt1723121,We&#39;re the Millers,ok,ok,PASS,37000000,150394119,270000119,2013PASS,37000000,150394119,270000119,1,1
2013,tt2334879,White House Down,men,men,FAIL,150000000,73103784,205440387,2013FAIL,150000000,73103784,205440387,1,1
2013,tt0816711,World War Z,dubious-disagree,dubious,FAIL,190000000,202359711,539559711,2013FAIL,190000000,202359711,539559711,1,1
2012,tt1611224,Abraham Lincoln: Vampire Hunter,dubious-disagree,dubious,FAIL,67500000,37519139,115119139,2012FAIL,68488103,38068365,116804318,1,1
2012,tt1591479,Act of Valor,nowomen,nowomen,FAIL,12000000,70012847,82497035,2012FAIL,12175663,71037735,83704673,1,1
2012,tt1602620,Amour,dubious-disagree,dubious,FAIL,9700000,6738954,25915719,2012FAIL,9841994,6837603,26295088,1,1
2012,tt1781769,Anna Karenina,men-disagree,men,FAIL,49000000,12816367,70735540,2012FAIL,49717290,13003980,71771007,1,1
2012,tt1024648,Argo,ok-disagree,ok,PASS,44500000,136025503,221300694,2012PASS,45151416,138016721,224540219,1,1
2012,tt1440129,Battleship,notalk-disagree,notalk,FAIL,209000000,65235400,304142720,2012FAIL,212059460,66190353,308594933,1,1
2012,tt2125435,Beasts of the Southern Wild,dubious-disagree,dubious,FAIL,1800000,12795746,21080058,2012FAIL,1826349,12983057,21388640,1,1
2012,tt1758575,Blue Like Jazz,ok,ok,PASS,1200000,595018,595018,2012PASS,1217566,603728,603728,1,1
2012,tt1217209,Brave,ok,ok,PASS,185000000,237282182,554606532,2012PASS,187708135,240755653,562725176,1,1
2012,tt1308729,Bullet to the Head,nowomen,nowomen,FAIL,55000000,9489829,13561515,2012FAIL,55805121,9628746,13760036,1,1
2012,tt1991245,Chernobyl Diaries,notalk,notalk,FAIL,1000000,18119640,38390020,2012FAIL,1014639,18384886,38951995,1,1
2012,tt1706593,Chronicle,notalk,notalk,FAIL,12000000,64575175,127075175,2012FAIL,12175663,65520463,128935373,1,1
2012,tt1371111,Cloud Atlas,ok,ok,PASS,102000000,27108272,126018564,2012PASS,103493134,27505098,127863295,1,1
2012,tt1524137,Contraband,ok,ok,PASS,25000000,66528000,98406855,2012PASS,25365964,67501874,99847390,1,1
2012,tt1853728,Django Unchained,notalk-disagree,notalk,FAIL,100000000,162805434,425373688,2012FAIL,101463857,165188672,431600549,1,1
2012,tt1907668,Flight,dubious-disagree,dubious,FAIL,31000000,93772375,161772375,2012FAIL,31453796,95145068,164140491,1,1
2012,tt1142977,Frankenweenie,nowomen-disagree,nowomen,FAIL,39000000,35287788,81150788,2012FAIL,39570904,35804351,82338719,1,1
2012,tt2243973,Hannibal,ok,ok,PASS,87000000,165092266,350100280,2012PASS,88273555,167508980,355225246,1,1
2012,tt0837562,Hotel Transylvania,ok,ok,PASS,85000000,148313048,359222014,2012PASS,86244278,150484138,364480509,1,1
2012,tt0790724,Jack Reacher,notalk,notalk,FAIL,60000000,80070736,217370736,2012FAIL,60878314,81242857,220552732,1,1
2012,tt2106476,Jagten,men,men,FAIL,3450000,687185,687185,2012FAIL,3500503,697244,697244,1,1
2012,tt0401729,John Carter,ok-disagree,ok,PASS,275000000,73058679,282778100,2012PASS,279025606,74128153,286917566,1,1
2012,tt1764234,Killing Them Softly,nowomen,nowomen,FAIL,15000000,14945541,37238774,2012FAIL,15219578,15164322,37783896,1,1
2012,tt1707386,Les Miserables,ok-disagree,ok,PASS,65000000,148809770,442022894,2012PASS,65951507,150988132,448493475,1,1
2012,tt0454876,Life of Pi,notalk-disagree,notalk,FAIL,120000000,124987022,607987022,2012FAIL,121756628,126816653,616887080,1,1
2012,tt0443272,Lincoln,ok-disagree,ok,PASS,65000000,182207973,273000960,2012PASS,65951507,184875236,276997302,1,1
2012,tt1277953,Madagascar 3: Europe&#39;s Most Wanted,men-disagree,men,FAIL,145000000,216391482,746921271,2012FAIL,147122592,219559143,757855127,1,1
2012,tt1409024,Men in Black III,notalk,notalk,FAIL,215000000,179020854,624821154,2012FAIL,218147292,181641463,633967639,1,1
2012,tt1667353,Mirror Mirror,dubious,dubious,FAIL,85000000,64935167,168611991,2012FAIL,86244278,65885725,171080229,1,1
2012,tt1748122,Moonrise Kingdom,ok,ok,PASS,16000000,45512466,64012466,2012PASS,16234217,46178703,64949517,1,1
2012,tt2094064,Much Ado About Nothing,dubious-disagree,dubious,FAIL,8000000,22549338,22549338,2012FAIL,8117109,22879428,22879428,1,1
2012,tt1598828,One for the Money,ok,ok,PASS,42000000,26414527,36197221,2012PASS,42614820,26801198,36727096,1,1
2012,tt2109184,Paranormal Activity 4,ok,ok,PASS,5000000,53900335,142793842,2012PASS,5073193,54689359,144884139,1,1
2012,tt1623288,ParaNorman,notalk-disagree,notalk,FAIL,60000000,56003051,108159011,2012FAIL,60878314,56822855,109742304,1,1
2012,tt1047540,Parental Guidance,ok,ok,PASS,25000000,77267296,120168633,2012PASS,25365964,78398378,121927729,1,1
2012,tt1716777,People Like Us,ok,ok,PASS,16000000,12431792,12431792,2012PASS,16234217,12613776,12613776,1,1
2012,tt1981677,Pitch Perfect,ok,ok,PASS,17000000,65001093,115331177,2012PASS,17248856,65952616,117019460,1,1
2012,tt1547234,Premium Rush,ok,ok,PASS,35000000,20275446,31393201,2012PASS,35512350,20572249,31852752,1,1
2012,tt1234719,Red Dawn,notalk-disagree,notalk,FAIL,65000000,44806783,48164150,2012FAIL,65951507,45462690,48869204,1,1
2012,tt0485985,Red Tails,men,men,FAIL,58000000,49876377,50365498,2012FAIL,58849037,50606496,51102777,1,1
2012,tt1446192,Rise of the Guardians,notalk-disagree,notalk,FAIL,145000000,103412758,306900902,2012FAIL,147122592,104926572,311393491,1,1
2012,tt1336608,Rock of Ages,ok,ok,PASS,70000000,38518613,50118613,2012PASS,71024700,39082470,50852278,1,1
2012,tt1656190,Safe,notalk-disagree,notalk,FAIL,33000000,17142080,41495213,2012FAIL,33483073,17393015,42102643,1,1
2012,tt1862079,Safety Not Guaranteed,ok-disagree,ok,PASS,750000,4010957,4413188,2012PASS,760979,4069672,4477791,1,1
2012,tt1931533,Seven Psychopaths,notalk-disagree,notalk,FAIL,13500000,15024049,23492318,2012FAIL,13697621,15243980,23836212,1,1
2012,tt0938330,Silent Hill: Revelation 3D,ok,ok,PASS,20000000,17530219,47944599,2012PASS,20292771,17786836,48646439,1,1
2012,tt1045658,Silver Linings Playbook,ok,ok,PASS,21000000,132092958,227317397,2012PASS,21307410,134026609,230644998,1,1
2012,tt1922777,Sinister,men,men,FAIL,3000000,48086903,87727807,2012FAIL,3043916,48790826,89012016,1,1
2012,tt1074638,Skyfall,dubious-disagree,dubious,FAIL,200000000,304360277,1108694081,2012FAIL,202927713,308815675,1124923772,1,1
2012,tt1735898,Snow White and the Huntsman,ok,ok,PASS,170000000,155136755,400911200,2012PASS,172488556,157407735,406779965,1,1
2012,tt1876451,Sparkle,ok,ok,PASS,10000000,24397469,24660323,2012PASS,10146386,24754613,25021315,1,1
2012,tt2101441,Spring Breakers,ok,ok,PASS,5000000,14124286,30669531,2012PASS,5073193,14331045,31118489,1,1
2012,tt1800741,Step Up Revolution,ok,ok,PASS,33000000,35074677,165552290,2012PASS,33483073,35588120,167975738,1,1
2012,tt1874789,Supporting Characters,men,men,FAIL,60000,4917,4917,2012FAIL,60878,4989,4989,1,1
2012,tt1637725,Ted,men-disagree,men,FAIL,50000000,218665740,549444574,2012FAIL,50731928,221866693,557487654,1,1
2012,tt1232200,That&#39;s My Boy,notalk,notalk,FAIL,67500000,36931089,58058367,2012FAIL,68488103,37471707,58908258,1,1
2012,tt0948470,The Amazing Spider-Man,men-disagree,men,FAIL,220000000,262030663,757890267,2012FAIL,223220484,265866416,768984693,1,1
2012,tt0848228,The Avengers,notalk,notalk,FAIL,60000000,23385416,48585416,2012FAIL,60878314,23727745,49296637,1,1
2012,tt1345836,The Dark Knight Rises,notalk-disagree,notalk,FAIL,275000000,448139099,1079343943,2012FAIL,279025606,454699213,1095143990,1,1
2012,tt1560985,The Devil Inside,ok-disagree,ok,PASS,1000000,53261944,101758489,2012PASS,1014639,54041622,103248087,1,1
2012,tt1645170,The Dictator,notalk,notalk,FAIL,65000000,59650222,179379532,2012FAIL,65951507,60523416,182005391,1,1
2012,tt1764651,The Expendables 2,ok-disagree,ok,PASS,100000000,85028192,311979256,2012PASS,101463857,86272883,316546185,1,1
2012,tt1601913,The Grey,nowomen-disagree,nowomen,FAIL,25000000,51580136,84339696,2012FAIL,25365964,52335195,85574308,1,1
2012,tt0903624,The Hobbit: An Unexpected Journey,nowomen-disagree,nowomen,FAIL,250000000,303003568,1014703568,2012FAIL,253659641,307439106,1029557373,1,1
2012,tt1392170,The Hunger Games,ok-disagree,ok,PASS,80000000,408010692,684510692,2012PASS,81171085,413983383,694530947,1,1
2012,tt1649419,The Impossible,men,men,FAIL,40000000,19019882,169590606,2012FAIL,40585543,19298306,172073169,1,1
2012,tt1258972,The Man with the Iron Fists,notalk,notalk,FAIL,15000000,15634090,21985095,2012FAIL,15219578,15862951,22306925,1,1
2012,tt1560747,The Master,notalk-disagree,notalk,FAIL,37500000,16247159,25116740,2012FAIL,38048946,16484994,25484413,1,1
2012,tt1430626,The Pirates! Band of Misfits,notalk,notalk,FAIL,55000000,31051126,123056220,2012FAIL,55805121,31505670,124857587,1,1
2012,tt1817273,The Place Beyond the Pines,notalk-disagree,notalk,FAIL,15000000,21403519,47011449,2012FAIL,15219578,21716836,47699629,1,1
2012,tt1673434,The Twilight Saga: Breaking Dawn - Part 2,dubious-disagree,dubious,FAIL,136200000,292324737,832660037,2012FAIL,138193773,296603952,844848985,1,1
2012,tt1606389,The Vow,ok,ok,PASS,8738320,125014030,197618160,2012PASS,8866236,126844056,200511006,1,1
2012,tt1298649,The Watch,men,men,FAIL,55000000,34353000,67353000,2012FAIL,55805121,34855879,68338951,1,1
2012,tt1596365,The Woman in Black,notalk,notalk,FAIL,15000000,54333290,128955898,2012FAIL,15219578,55128651,130843627,1,1
2012,tt1840417,The Words,notalk,notalk,FAIL,6000000,11494838,12132578,2012FAIL,6087831,11663106,12310182,1,1
2012,tt1621045,Think Like a Man,ok,ok,PASS,12000000,91547205,96155124,2012PASS,12175663,92887325,97562697,1,1
2012,tt1859650,To Rome With Love,men-disagree,men,FAIL,21500000,16684352,74363777,2012FAIL,21814729,16928587,75452356,1,1
2012,tt1386703,Total Recall,notalk-disagree,notalk,FAIL,125000000,58877969,198615996,2012FAIL,126829821,59739858,201523449,1,1
2012,tt1496025,Underworld: Awakening,ok,ok,PASS,70000000,62321039,160379930,2012PASS,71024700,63233330,162727662,1,1
2012,tt1655460,Wanderlust,ok,ok,PASS,32500000,17288155,24159934,2012PASS,32975753,17541229,24513601,1,1
2012,tt1586265,What to Expect When You&#39;re Expecting,ok,ok,PASS,37500000,41152203,80652203,2012PASS,38048946,41754612,81832836,1,1
2012,tt1870529,Won&#39;t Back Down,ok,ok,PASS,19000000,5310554,5431486,2012PASS,19278133,5388293,5510995,1,1
2012,tt1646987,Wrath of the Titans,notalk-disagree,notalk,FAIL,150000000,83670083,301970083,2012FAIL,152195785,84894893,306390492,1,1
2012,tt1772341,Wreck-It Ralph,ok-disagree,ok,PASS,165000000,189412677,473412677,2012PASS,167415363,192185407,480342759,1,1
2012,tt1790885,Zero Dark Thirty,ok-disagree,ok,PASS,52500000,95720716,137720716,2012PASS,53268525,97121930,139736750,1,1
2011,tt1622547,30 Minutes or Less,notalk,notalk,FAIL,28000000,37053924,40966716,2011FAIL,28999342,38376408,42428850,1,1
2011,tt1306980,50/50,men-disagree,men,FAIL,8000000,35016118,41334735,2011FAIL,8285526,36265871,42810004,1,1
2011,tt1571222,A Dangerous Method,dubious,dubious,FAIL,20000000,5702083,14807531,2011FAIL,20713816,5905595,15336023,1,1
2011,tt1422136,A Lonely Place to Die,ok,ok,PASS,4000000,#N/A,442550,2011PASS,4142763,#N/A,458345,1,1
2011,tt1268799,A Very Harold &amp; Kumar 3D Christmas,notalk,notalk,FAIL,20000000,35061031,36265745,2011FAIL,20713816,36312387,37560098,1,1
2011,tt1549572,Another Earth,ok,ok,PASS,175000,1321194,1781194,2011PASS,181246,1368348,1844766,1,1
2011,tt1772240,Apollo 18,nowomen,nowomen,FAIL,5000000,17686929,26517819,2011FAIL,5178454,18318189,27464261,1,1
2011,tt1430607,Arthur Christmas,notalk,notalk,FAIL,85000000,46462469,147624649,2011FAIL,88033717,48120751,152893489,1,1
2011,tt1478964,Attack the Block,ok-disagree,ok,PASS,13000000,1024175,5406422,2011PASS,13463980,1060729,5599381,1,1
2011,tt1284575,Bad Teacher,ok-disagree,ok,PASS,19000000,100292856,216412265,2011PASS,19678125,103872387,224136189,1,1
2011,tt1217613,Battle: Los Angeles,notalk-disagree,notalk,FAIL,70000000,83552429,212005201,2011FAIL,72498355,86534481,219571833,1,1
2011,tt1152398,Beastly,notalk,notalk,FAIL,17000000,27865571,38028230,2011FAIL,17606743,28860115,39385487,1,1
2011,tt1629705,Blackthorn,notalk,notalk,FAIL,4500000,200558,1249765,2011FAIL,4660609,207716,1294370,1,1
2011,tt1478338,Bridesmaids,ok-disagree,ok,PASS,32500000,169106725,289263136,2011PASS,33659951,175142277,299587165,1,1
2011,tt0458339,Captain America: The First Avenger,notalk-disagree,notalk,FAIL,140000000,176654505,370569776,2011FAIL,144996710,182959443,383795703,1,1
2011,tt1216475,Cars 2,men,men,FAIL,200000000,191450875,560155383,2011FAIL,207138157,198283907,580147769,1,1
2011,tt1684628,Circumstance,ok,ok,PASS,900000,454121,454121,2011PASS,932122,470329,470329,1,1
2011,tt1657507,Colombiana,notalk,notalk,FAIL,40000000,36665854,71698079,2011FAIL,41427631,37974487,74257040,1,1
2011,tt0816462,Conan the Barbarian,dubious-disagree,dubious,FAIL,20000000,38264085,79114085,2011FAIL,20713816,39629760,81937729,1,1
2011,tt1598778,Contagion,ok-disagree,ok,PASS,60000000,75658097,137551594,2011PASS,62141447,78358394,142460919,1,1
2011,tt1372686,Coriolanus,men,men,FAIL,10000000,749641,1049641,2011FAIL,10356908,776396,1087104,1,1
2011,tt0409847,Cowboys &amp; Aliens,notalk,notalk,FAIL,163000000,100240551,175910315,2011FAIL,168817598,103818215,182188693,1,1
2011,tt1701990,Detention,ok,ok,PASS,10000000,#N/A,#N/A,2011PASS,10356908,#N/A,#N/A,1,1
2011,tt1650043,Diary of a Wimpy Kid: Rodrick Rules,notalk,notalk,FAIL,18000000,52698535,73695194,2011FAIL,18642434,54579387,76325433,1,1
2011,tt1564349,Dolphin Tale,men,men,FAIL,37000000,72286779,96068724,2011FAIL,38320559,74866751,99497492,1,1
2011,tt1462041,Dream House,ok,ok,PASS,50000000,21302340,39932340,2011PASS,51784539,22062637,41357557,1,1
2011,tt0780504,Drive,dubious-disagree,dubious,FAIL,15000000,35060689,78054825,2011FAIL,15535362,36312033,80840663,1,1
2011,tt1596343,Fast Five,ok-disagree,ok,PASS,125000000,209837675,629841284,2011PASS,129461348,217326947,652320815,1,1
2011,tt1622979,Final Destination 5,men,men,FAIL,40000000,42587643,157887643,2011FAIL,41427631,44107629,163522777,1,1
2011,tt1068242,Footloose,ok,ok,PASS,24000000,51802742,63412773,2011PASS,24856579,53651623,65676025,1,1
2011,tt1438176,Fright Night,dubious,dubious,FAIL,30000000,18298649,40520649,2011FAIL,31070724,18951742,41966863,1,1
2011,tt1133985,Green Lantern,notalk-disagree,notalk,FAIL,200000000,116601172,231201172,2011FAIL,207138157,120762760,239452924,1,1
2011,tt0480687,Hall Pass,men,men,FAIL,36000000,45060734,83693266,2011FAIL,37284868,46668987,86680344,1,1
2011,tt0993842,Hanna,ok,ok,PASS,30000000,40259119,65343694,2011PASS,31070724,41695999,67675862,1,1
2011,tt1201607,Harry Potter and the Deathly Hallows: Part 2,notalk-disagree,notalk,FAIL,125000000,381011219,1328111219,2011FAIL,129461348,394609809,1375512553,1,1
2011,tt1506999,Haywire,nowomen-disagree,nowomen,FAIL,23000000,18942396,22176190,2011FAIL,23820888,19618465,22967676,1,1
2011,tt1403177,Hesher,notalk,notalk,FAIL,7000000,382946,382946,2011FAIL,7249836,396614,396614,1,1
2011,tt1562568,Higher Ground,ok,ok,PASS,1800000,841056,859182,2011PASS,1864243,871074,889847,1,1
2011,tt1640459,Hobo with a Shotgun,nowomen,nowomen,FAIL,3000000,703372,834953,2011FAIL,3107072,728476,864753,1,1
2011,tt1411704,Hop,men,men,FAIL,63000000,108085305,184924333,2011FAIL,65248520,111942955,191524428,1,1
2011,tt1499658,Horrible Bosses,ok,ok,PASS,35000000,117538559,214538559,2011PASS,36249178,121733603,222195609,1,1
2011,tt0970179,Hugo,dubious,dubious,FAIL,180000000,73864507,185033215,2011FAIL,186424342,76500789,191637196,1,1
2011,tt1464540,I Am Number Four,notalk,notalk,FAIL,50000000,55100437,145982797,2011FAIL,51784539,57067015,151193038,1,1
2011,tt1253864,Immortals,men,men,FAIL,75000000,83504017,211562435,2011FAIL,77676809,86484341,219113265,1,1
2011,tt1637688,In Time,notalk,notalk,FAIL,35000000,37553932,170064664,2011FAIL,36249178,38894261,176134406,1,1
2011,tt1606618,Iris,ok,ok,PASS,5500000,5580479,15155021,2011PASS,5696299,5779651,15695916,1,1
2011,tt1410063,Jin ling shi san chai,ok,ok,PASS,100000000,311434,93721434,2011PASS,103569079,322549,97066426,1,1
2011,tt1634122,Johnny English Reborn,dubious,dubious,FAIL,45000000,8305970,164539660,2011FAIL,46606085,8602417,170412210,1,1
2011,tt1640484,Jumping the Broom,ok,ok,PASS,7000000,37295394,38158601,2011PASS,7249836,38626496,39520511,1,1
2011,tt1564367,Just Go with It,dubious,dubious,FAIL,80000000,103028109,214974953,2011FAIL,82855263,106705263,222647578,1,1
2011,tt1788391,Kill List,dubious,dubious,FAIL,800000,29063,462206,2011FAIL,828553,30100,478703,1,1
2011,tt1448755,Killer Elite,nowomen,nowomen,FAIL,70000000,25124986,57777106,2011FAIL,72498355,26021717,59839216,1,1
2011,tt1302011,Kung Fu Panda 2,ok,ok,PASS,150000000,165249063,664837547,2011PASS,155353618,171146932,688566122,1,1
2011,tt1508675,Le Havre,dubious,dubious,FAIL,5500000,611709,13480196,2011FAIL,5696299,633541,13961315,1,1
2011,tt1758692,Like Crazy,ok-disagree,ok,PASS,250000,3395391,3731489,2011PASS,258923,3516575,3864669,1,1
2011,tt1219289,Limitless,notalk,notalk,FAIL,27000000,79249455,169739455,2011FAIL,27963651,82077930,175797590,1,1
2011,tt0466893,Margaret,ok,ok,PASS,14000000,47185,47185,2011PASS,14499671,48869,48869,1,1
2011,tt1615147,Margin Call,notalk-disagree,notalk,FAIL,3400000,5353586,17872206,2011FAIL,3521349,5544660,18510079,1,1
2011,tt1305591,Mars Needs Moms,dubious,dubious,FAIL,150000000,21392758,39549758,2011FAIL,155353618,22156282,40961320,1,1
2011,tt1441326,Martha Marcy May Marlene,ok,ok,PASS,1000000,2981038,3531038,2011PASS,1035691,3087434,3657064,1,1
2011,tt1527186,Melancholia,ok,ok,PASS,9400000,3030848,18044073,2011PASS,9735493,3139021,18688080,1,1
2011,tt1605783,Midnight in Paris,ok,ok,PASS,30000000,56816662,154816662,2011PASS,31070724,58844493,160342190,1,1
2011,tt1229238,Mission: Impossible - Ghost Protocol,notalk-disagree,notalk,FAIL,145000000,209397903,694713230,2011FAIL,150175164,216871479,719508092,1,1
2011,tt1210166,Moneyball,notalk,notalk,FAIL,50000000,75605492,111174374,2011FAIL,51784539,78303911,115142275,1,1
2011,tt1396218,Mr. Popper&#39;s Penguins,notalk,notalk,FAIL,55000000,68224452,189624452,2011FAIL,56962993,70659436,196392298,1,1
2011,tt1598822,New Year&#39;s Eve,ok,ok,PASS,26000000,54544638,143663899,2011PASS,26927960,56491379,148791377,1,1
2011,tt1411238,No Strings Attached,ok,ok,PASS,25000000,70662220,149228078,2011PASS,25892270,73184210,154554145,1,1
2011,tt1720182,October Baby,ok,ok,PASS,1000000,5355847,5355847,2011PASS,1035691,5547001,5547001,1,1
2011,tt1637706,Our Idiot Brother,ok,ok,PASS,5000000,24814830,25861249,2011PASS,5178454,25700491,26784257,1,1
2011,tt1778304,Paranormal Activity 3,ok,ok,PASS,5000000,104028807,207039844,2011PASS,5178454,107741677,214429259,1,1
2011,tt1092026,Paul,ok,ok,PASS,40000000,37412945,100179814,2011PASS,41427631,38748242,103755310,1,1
2011,tt1298650,Pirates of the Caribbean: On Stranger Tides,notalk,notalk,FAIL,250000000,241063875,1043663875,2011FAIL,258922697,249667634,1080913060,1,1
2011,tt0822847,Priest,notalk-disagree,notalk,FAIL,60000000,29136626,84154026,2011FAIL,62141447,30176535,87157549,1,1
2011,tt0448694,Puss in Boots,notalk,notalk,FAIL,130000000,149260504,554987477,2011FAIL,134639802,154587729,574795417,1,1
2011,tt1192628,Rango,notalk-disagree,notalk,FAIL,135000000,123257581,245504574,2011FAIL,139818256,127656741,254266825,1,1
2011,tt0433035,Real Steel,notalk,notalk,FAIL,110000000,85463309,293237309,2011FAIL,113925987,88513562,303703179,1,1
2011,tt1486185,Red Riding Hood,ok,ok,PASS,42000000,37662162,90300442,2011PASS,43499013,39006354,93523336,1,1
2011,tt0873886,Red State,ok,ok,PASS,4000000,1065429,1065429,2011PASS,4142763,1103455,1103455,1,1
2011,tt1498569,Restless,ok,ok,PASS,8000000,163753,2818394,2011PASS,8285526,169597,2918985,1,1
2011,tt1436562,Rio,notalk,notalk,FAIL,90000000,143619809,487519809,2011FAIL,93212171,148745713,504919774,1,1
2011,tt1318514,Rise of the Planet of the Apes,notalk,notalk,FAIL,93000000,176760185,482860185,2011FAIL,96319243,183068895,500093845,1,1
2011,tt1723811,Shame,notalk,notalk,FAIL,6500000,4002293,10781688,2011FAIL,6731990,4145138,11166495,1,1
2011,tt1541995,Snow Flower and the Secret Fan,ok,ok,PASS,6000000,1348205,11348205,2011PASS,6214145,1396324,11753231,1,1
2011,tt1596346,Soul Surfer,ok,ok,PASS,18000000,43853424,47158652,2011PASS,18642434,45418587,48841781,1,1
2011,tt0945513,Source Code,notalk-disagree,notalk,FAIL,32000000,54712227,140428499,2011FAIL,33142105,56664949,145440503,1,1
2011,tt0999913,Straw Dogs,ok,ok,PASS,25000000,10324441,11253821,2011PASS,25892270,10692928,11655479,1,1
2011,tt0978764,Sucker Punch,ok-disagree,ok,PASS,75000000,36392502,89758389,2011PASS,77676809,37691379,92961937,1,1
2011,tt1650062,Super 8,ok-disagree,ok,PASS,50000000,127004179,260095987,2011PASS,51784539,131537058,269379017,1,1
2011,tt1675192,Take Shelter,ok,ok,PASS,4750000,1728953,3128953,2011PASS,4919531,1790661,3240628,1,1
2011,tt1385826,The Adjustment Bureau,dubious-disagree,dubious,FAIL,50200000,62495645,127793502,2011FAIL,51991677,64726164,132354553,1,1
2011,tt0983193,The Adventures of Tintin,notalk,notalk,FAIL,130000000,77591831,373993951,2011FAIL,134639802,80361144,387342089,1,1
2011,tt1655442,The Artist,notalk-disagree,notalk,FAIL,16000000,44667095,128256712,2011FAIL,16571053,46261299,132834295,1,1
2011,tt1412386,The Best Exotic Marigold Hotel,ok,ok,PASS,10000000,46383639,134729347,2011PASS,10356908,48039108,139537943,1,1
2011,tt1259521,The Cabin in the Woods,dubious-disagree,dubious,FAIL,30000000,42073277,70768144,2011FAIL,31070724,43574905,73293915,1,1
2011,tt1093357,The Darkest Hour,ok,ok,PASS,34800000,21443494,62831715,2011PASS,36042039,22208829,65074228,1,1
2011,tt1535616,The Divide,ok,ok,PASS,3000000,18000,18000,2011PASS,3107072,18642,18642,1,1
2011,tt1235170,The Future,ok,ok,PASS,1000000,568662,568662,2011PASS,1035691,588958,588958,1,1
2011,tt1568346,The Girl with the Dragon Tattoo,notalk-disagree,notalk,FAIL,90000000,102515793,233170238,2011FAIL,93212171,106174662,241492267,1,1
2011,tt0990407,The Green Hornet,notalk,notalk,FAIL,110000000,98780042,227983150,2011FAIL,113925987,102305579,236120048,1,1
2011,tt1540133,The Guard,notalk,notalk,FAIL,6000000,5359774,15944629,2011FAIL,6214145,5551069,16513705,1,1
2011,tt1454029,The Help,ok,ok,PASS,25000000,169705587,213120004,2011PASS,25892270,175762513,220726425,1,1
2011,tt1007029,The Iron Lady,ok,ok,PASS,14000000,29959436,115592104,2011PASS,14499671,31028712,119717677,1,1
2011,tt1189340,The Lincoln Lawyer,notalk,notalk,FAIL,40000000,58009200,87145086,2011FAIL,41427631,60079594,90255363,1,1
2011,tt0472399,The Mechanic,nowomen,nowomen,FAIL,42500000,29121498,76347393,2011FAIL,44016858,30160867,79072292,1,1
2011,tt1204342,The Muppets,notalk-disagree,notalk,FAIL,45000000,88625922,160971922,2011FAIL,46606085,91789051,166717137,1,1
2011,tt1161864,The Rite,dubious-disagree,dubious,FAIL,37000000,33047633,96047633,2011FAIL,38320559,34227129,99475649,1,1
2011,tt1265990,The Roommate,ok,ok,PASS,16000000,37300107,40497461,2011PASS,16571053,38631377,41942847,1,1
2011,tt0472181,The Smurfs,ok,ok,PASS,110000000,142614158,563066551,2011PASS,113925987,147704169,583162839,1,1
2011,tt1509767,The Three Musketeers,men,men,FAIL,90000000,20377913,139877913,2011FAIL,93212171,21105217,144870266,1,1
2011,tt0478304,The Tree of Life,nowomen-disagree,nowomen,FAIL,35000000,13305665,62305665,2011FAIL,36249178,13780555,64529403,1,1
2011,tt1324999,The Twilight Saga: Breaking Dawn - Part 1,ok,ok,PASS,127500000,281287133,709938657,2011PASS,132050575,291326492,735276926,1,1
2011,tt0800369,Thor,ok-disagree,ok,PASS,150000000,181030624,449326618,2011PASS,155353618,187491749,465363438,1,1
2011,tt1340800,Tinker Tailor Soldier Spy,notalk,notalk,FAIL,21000000,24149393,81452811,2011FAIL,21749507,25011304,84359926,1,1
2011,tt0471042,Tower Heist,notalk,notalk,FAIL,85000000,78046570,153470352,2011FAIL,88033717,80832113,158947830,1,1
2011,tt1399103,Transformers: Dark of the Moon,ok-disagree,ok,PASS,195000000,352390543,1123794076,2011PASS,201959703,364967639,1163903170,1,1
2011,tt1568911,War Horse,notalk-disagree,notalk,FAIL,70000000,79883359,156815529,2011FAIL,72498355,82734459,162412399,1,1
2011,tt1291584,Warrior,notalk,notalk,FAIL,25000000,13657115,24215385,2011FAIL,25892270,14144548,25079651,1,1
2011,tt1389137,We Bought a Zoo,men-disagree,men,FAIL,50000000,75624550,118924550,2011FAIL,51784539,78323650,123169061,1,1
2011,tt1714210,Weekend,notalk,notalk,FAIL,190000,484592,1577585,2011FAIL,196781,501887,1633890,1,1
2011,tt0770703,What&#39;s Your Number,ok,ok,PASS,20000000,14011084,30711084,2011PASS,20713816,14511151,31807187,1,1
2011,tt1449283,Winnie the Pooh,nowomen,nowomen,FAIL,30000000,26692846,50145607,2011FAIL,31070724,27645535,51935343,1,1
2011,tt1270798,X-Men: First Class,ok-disagree,ok,PASS,160000000,146408305,355408305,2011PASS,165710526,151633733,368093107,1,1
2011,tt1625346,Young Adult,ok,ok,PASS,12000000,16311571,22750356,2011PASS,12428289,16893744,23562334,1,1
2011,tt1742336,Your Sister&#39;s Sister,ok,ok,PASS,120000,1597486,3090593,2011PASS,124283,1654502,3200899,1,1
2010,tt1542344,127 Hours,dubious-disagree,dubious,FAIL,18000000,18335230,60735230,2010FAIL,19228173,19586277,64879307,1,1
2010,tt1014759,Alice in Wonderland,ok,ok,PASS,200000000,334191110,1024391110,2010PASS,213646368,356993585,1094287202,1,1
2010,tt1313092,Animal Kingdom,notalk,notalk,FAIL,4200000,1044039,8078683,2010FAIL,4486574,1115276,8629906,1,1
2010,tt1431181,Another Year,ok,ok,PASS,8000000,3205706,18505706,2010PASS,8545855,3424437,19768384,1,1
2010,tt1423894,Barney&#39;s Version,ok,ok,PASS,30000000,7502560,8845575,2010PASS,32046955,8014473,9449125,1,1
2010,tt1532503,Beginners,notalk,notalk,FAIL,3200000,5790894,11564267,2010FAIL,3418342,6186017,12353318,1,1
2010,tt1164999,Biutiful,notalk,notalk,FAIL,35000000,5101237,25101237,2010FAIL,37388114,5449304,26813941,1,1
2010,tt0947798,Black Swan,ok-disagree,ok,PASS,13000000,106954678,331266710,2010PASS,13887014,114252393,353869648,1,1
2010,tt1120985,Blue Valentine,men-disagree,men,FAIL,1000000,9737892,16566240,2010FAIL,1068232,10402326,17696585,1,1
2010,tt1126591,Burlesque,ok,ok,PASS,55000000,39440655,89657398,2010PASS,58752751,42131764,95774887,1,1
2010,tt1194417,Casino Jack,notalk-disagree,notalk,FAIL,12500000,2039869,2080869,2010FAIL,13352898,2179053,2222851,1,1
2010,tt1020558,Centurion,notalk,notalk,FAIL,15000000,123570,6623570,2010FAIL,16023478,132001,7075508,1,1
2010,tt1438254,Charlie St. Cloud,notalk-disagree,notalk,FAIL,44000000,31206263,48478084,2010FAIL,47002201,33335524,51785833,1,1
2010,tt0800320,Clash of the Titans,dubious,dubious,FAIL,125000000,163214888,493214888,2010FAIL,133528980,174351340,526867848,1,1
2010,tt1244754,Conviction,ok,ok,PASS,12500000,6797696,10133552,2010PASS,13352898,7261515,10824983,1,1
2010,tt1385867,Cop Out,notalk,notalk,FAIL,37000000,44875481,55909910,2010FAIL,39524578,47937418,59724746,1,1
2010,tt1555064,Country Strong,ok,ok,PASS,15000000,20218921,20551476,2010PASS,16023478,21598495,21953741,1,1
2010,tt1336617,Cyrus,notalk,notalk,FAIL,7000000,7468936,10039886,2010FAIL,7477623,7978555,10724926,1,1
2010,tt1279935,Date Night,ok,ok,PASS,55000000,98711404,152269033,2010PASS,58752751,105446665,162658630,1,1
2010,tt0989757,Dear John,nowomen,nowomen,FAIL,25000000,80014842,111362410,2010FAIL,26705796,85474402,118960872,1,1
2010,tt1323594,Despicable Me,ok-disagree,ok,PASS,69000000,251513985,543495033,2010PASS,73707997,268675247,580578700,1,1
2010,tt1314655,Devil,ok-disagree,ok,PASS,10000000,33679655,63354114,2010PASS,10682318,35977680,67676882,1,1
2010,tt1196141,Diary of a Wimpy Kid,ok,ok,PASS,15000000,64003625,76954311,2010PASS,16023478,68370710,82205045,1,1
2010,tt0427152,Dinner for Schmucks,notalk,notalk,FAIL,69000000,73026337,86796502,2010FAIL,73707997,78009058,92718787,1,1
2010,tt1270761,Don&#39;t Be Afraid of the Dark,ok,ok,PASS,25000000,24046682,31551048,2010PASS,26705796,25687431,33703834,1,1
2010,tt1231583,Due Date,notalk,notalk,FAIL,65000000,100539043,211739043,2010FAIL,69435070,107399007,226186388,1,1
2010,tt1013860,Dylan Dog: Dead of Night,nowomen,nowomen,FAIL,20000000,1186538,6090697,2010FAIL,21364637,1267498,6506276,1,1
2010,tt1282140,Easy A,ok-disagree,ok,PASS,8000000,58401464,76200721,2010PASS,8545855,62386303,81400037,1,1
2010,tt0879870,"Eat, Pray, Love",ok-disagree,ok,PASS,60000000,80574010,205846861,2010PASS,64093910,86071723,219892171,1,1
2010,tt1226273,Edge of Darkness,notalk,notalk,FAIL,60000000,43313890,81208697,2010FAIL,64093910,46269276,86749716,1,1
2010,tt1531663,Everything Must Go,notalk,notalk,FAIL,5000000,2712131,2712131,2010FAIL,5341159,2897185,2897185,1,1
2010,tt0977855,Fair Game,ok,ok,PASS,50000000,11497497,26097497,2010PASS,53411592,12281992,27878177,1,1
2010,tt1433108,Faster,nowomen,nowomen,FAIL,12000000,23240020,35658648,2010FAIL,12818782,24825729,38091703,1,1
2010,tt1405500,For Colored Girls,ok,ok,PASS,21000000,37729698,38017873,2010PASS,22432869,40304065,40611902,1,1
2010,tt1323045,Frozen,notalk,notalk,FAIL,150000000,393050114,1004550114,2010FAIL,160234776,419868647,1073092418,1,1
2010,tt1226229,Get Him To The Greek,notalk,notalk,FAIL,40000000,61153526,91455875,2010FAIL,42729274,65326144,97696078,1,1
